{"data":{"generated_at":"2025-09-21T07:49:48.341469+00:00","rls_policies":[{"cmd":null,"qual":null,"roles":null,"policyname":null,"table_name":"audit_log_entries","with_check":null,"rls_enabled":true,"schema_name":"auth"},{"cmd":null,"qual":null,"roles":null,"policyname":null,"table_name":"flow_state","with_check":null,"rls_enabled":true,"schema_name":"auth"},{"cmd":null,"qual":null,"roles":null,"policyname":null,"table_name":"identities","with_check":null,"rls_enabled":true,"schema_name":"auth"},{"cmd":null,"qual":null,"roles":null,"policyname":null,"table_name":"instances","with_check":null,"rls_enabled":true,"schema_name":"auth"},{"cmd":null,"qual":null,"roles":null,"policyname":null,"table_name":"mfa_amr_claims","with_check":null,"rls_enabled":true,"schema_name":"auth"},{"cmd":null,"qual":null,"roles":null,"policyname":null,"table_name":"mfa_challenges","with_check":null,"rls_enabled":true,"schema_name":"auth"},{"cmd":null,"qual":null,"roles":null,"policyname":null,"table_name":"mfa_factors","with_check":null,"rls_enabled":true,"schema_name":"auth"},{"cmd":null,"qual":null,"roles":null,"policyname":null,"table_name":"oauth_clients","with_check":null,"rls_enabled":false,"schema_name":"auth"},{"cmd":null,"qual":null,"roles":null,"policyname":null,"table_name":"one_time_tokens","with_check":null,"rls_enabled":true,"schema_name":"auth"},{"cmd":null,"qual":null,"roles":null,"policyname":null,"table_name":"refresh_tokens","with_check":null,"rls_enabled":true,"schema_name":"auth"},{"cmd":null,"qual":null,"roles":null,"policyname":null,"table_name":"saml_providers","with_check":null,"rls_enabled":true,"schema_name":"auth"},{"cmd":null,"qual":null,"roles":null,"policyname":null,"table_name":"saml_relay_states","with_check":null,"rls_enabled":true,"schema_name":"auth"},{"cmd":null,"qual":null,"roles":null,"policyname":null,"table_name":"schema_migrations","with_check":null,"rls_enabled":true,"schema_name":"auth"},{"cmd":null,"qual":null,"roles":null,"policyname":null,"table_name":"sessions","with_check":null,"rls_enabled":true,"schema_name":"auth"},{"cmd":null,"qual":null,"roles":null,"policyname":null,"table_name":"sso_domains","with_check":null,"rls_enabled":true,"schema_name":"auth"},{"cmd":null,"qual":null,"roles":null,"policyname":null,"table_name":"sso_providers","with_check":null,"rls_enabled":true,"schema_name":"auth"},{"cmd":null,"qual":null,"roles":null,"policyname":null,"table_name":"users","with_check":null,"rls_enabled":true,"schema_name":"auth"},{"cmd":"ALL","qual":"(username = CURRENT_USER)","roles":"{public}","policyname":"cron_job_policy","table_name":"job","with_check":null,"rls_enabled":true,"schema_name":"cron"},{"cmd":"ALL","qual":"(username = CURRENT_USER)","roles":"{public}","policyname":"cron_job_run_details_policy","table_name":"job_run_details","with_check":null,"rls_enabled":true,"schema_name":"cron"},{"cmd":"DELETE","qual":"(user_id = auth.uid())","roles":"{public}","policyname":"Users can delete only their activity logs","table_name":"activity_log","with_check":null,"rls_enabled":true,"schema_name":"public"},{"cmd":"INSERT","qual":null,"roles":"{public}","policyname":"Users can insert only their activity logs","table_name":"activity_log","with_check":"(user_id = auth.uid())","rls_enabled":true,"schema_name":"public"},{"cmd":"SELECT","qual":"(user_id = auth.uid())","roles":"{public}","policyname":"Users can see only their activity logs","table_name":"activity_log","with_check":null,"rls_enabled":true,"schema_name":"public"},{"cmd":"UPDATE","qual":"(user_id = auth.uid())","roles":"{public}","policyname":"Users can update only their activity logs","table_name":"activity_log","with_check":null,"rls_enabled":true,"schema_name":"public"},{"cmd":"DELETE","qual":"(user_id = auth.uid())","roles":"{public}","policyname":"Users can delete only their affiliates","table_name":"affiliates","with_check":null,"rls_enabled":true,"schema_name":"public"},{"cmd":"INSERT","qual":null,"roles":"{public}","policyname":"Users can insert only their affiliates","table_name":"affiliates","with_check":"(user_id = auth.uid())","rls_enabled":true,"schema_name":"public"},{"cmd":"INSERT","qual":null,"roles":"{public}","policyname":"Users can insert their affiliates","table_name":"affiliates","with_check":"(user_id = auth.uid())","rls_enabled":true,"schema_name":"public"},{"cmd":"SELECT","qual":"(user_id = auth.uid())","roles":"{public}","policyname":"Users can see only their affiliates","table_name":"affiliates","with_check":null,"rls_enabled":true,"schema_name":"public"},{"cmd":"UPDATE","qual":"(user_id = auth.uid())","roles":"{public}","policyname":"Users can update only their affiliates","table_name":"affiliates","with_check":null,"rls_enabled":true,"schema_name":"public"},{"cmd":"SELECT","qual":"(user_id = auth.uid())","roles":"{public}","policyname":"Users can view their affiliates","table_name":"affiliates","with_check":null,"rls_enabled":true,"schema_name":"public"},{"cmd":"ALL","qual":"(EXISTS ( SELECT 1\n   FROM (responses r\n     JOIN questionnaires q ON ((q.id = r.questionnaire_id)))\n  WHERE ((r.id = attachments.response_id) AND (q.owner_id = auth.uid()))))","roles":"{public}","policyname":"attachments_owner_all","table_name":"attachments","with_check":"(EXISTS ( SELECT 1\n   FROM (responses r\n     JOIN questionnaires q ON ((q.id = r.questionnaire_id)))\n  WHERE ((r.id = attachments.response_id) AND (q.owner_id = auth.uid()))))","rls_enabled":true,"schema_name":"public"},{"cmd":null,"qual":null,"roles":null,"policyname":null,"table_name":"auto_reply_settings","with_check":null,"rls_enabled":false,"schema_name":"public"},{"cmd":null,"qual":null,"roles":null,"policyname":null,"table_name":"automation_tasks","with_check":null,"rls_enabled":true,"schema_name":"public"},{"cmd":null,"qual":null,"roles":null,"policyname":null,"table_name":"backup_registry","with_check":null,"rls_enabled":false,"schema_name":"public"},{"cmd":"SELECT","qual":"(owner_id = auth.uid())","roles":"{public}","policyname":"c_read_own","table_name":"campaigns","with_check":null,"rls_enabled":true,"schema_name":"public"},{"cmd":"ALL","qual":"(owner_id = auth.uid())","roles":"{public}","policyname":"c_write_own","table_name":"campaigns","with_check":"(owner_id = auth.uid())","rls_enabled":true,"schema_name":"public"},{"cmd":"DELETE","qual":"(uploaded_by = auth.uid())","roles":"{public}","policyname":"Users can delete only their files","table_name":"files","with_check":null,"rls_enabled":true,"schema_name":"public"},{"cmd":"INSERT","qual":null,"roles":"{public}","policyname":"Users can insert only their files","table_name":"files","with_check":"(uploaded_by = auth.uid())","rls_enabled":true,"schema_name":"public"},{"cmd":"SELECT","qual":"(uploaded_by = auth.uid())","roles":"{public}","policyname":"Users can see only their files","table_name":"files","with_check":null,"rls_enabled":true,"schema_name":"public"},{"cmd":"UPDATE","qual":"(uploaded_by = auth.uid())","roles":"{public}","policyname":"Users can update only their files","table_name":"files","with_check":null,"rls_enabled":true,"schema_name":"public"},{"cmd":"DELETE","qual":"(user_id = auth.uid())","roles":"{public}","policyname":"Users can delete only their leads","table_name":"leads","with_check":null,"rls_enabled":true,"schema_name":"public"},{"cmd":"INSERT","qual":null,"roles":"{public}","policyname":"Users can insert only their leads","table_name":"leads","with_check":"(user_id = auth.uid())","rls_enabled":true,"schema_name":"public"},{"cmd":"INSERT","qual":null,"roles":"{public}","policyname":"Users can insert their leads","table_name":"leads","with_check":"(user_id = auth.uid())","rls_enabled":true,"schema_name":"public"},{"cmd":"SELECT","qual":"(user_id = auth.uid())","roles":"{public}","policyname":"Users can see only their leads","table_name":"leads","with_check":null,"rls_enabled":true,"schema_name":"public"},{"cmd":"UPDATE","qual":"(user_id = auth.uid())","roles":"{public}","policyname":"Users can update only their leads","table_name":"leads","with_check":null,"rls_enabled":true,"schema_name":"public"},{"cmd":"SELECT","qual":"(user_id = auth.uid())","roles":"{public}","policyname":"Users can view their leads","table_name":"leads","with_check":null,"rls_enabled":true,"schema_name":"public"},{"cmd":"SELECT","qual":"(owner_id = auth.uid())","roles":"{public}","policyname":"l_read_own","table_name":"leads","with_check":null,"rls_enabled":true,"schema_name":"public"},{"cmd":"ALL","qual":"(owner_id = auth.uid())","roles":"{public}","policyname":"l_write_own","table_name":"leads","with_check":"(owner_id = auth.uid())","rls_enabled":true,"schema_name":"public"},{"cmd":"SELECT","qual":"(EXISTS ( SELECT 1\n   FROM questionnaires q\n  WHERE ((q.id = leads.questionnaire_id) AND (q.user_id = auth.uid()))))","roles":"{public}","policyname":"leads of my questionnaires","table_name":"leads","with_check":null,"rls_enabled":true,"schema_name":"public"},{"cmd":"INSERT","qual":null,"roles":"{anon}","policyname":"leads_public_insert","table_name":"leads","with_check":"((EXISTS ( SELECT 1\n   FROM questionnaires q\n  WHERE (q.id = leads.questionnaire_id))) AND (owner_id = ( SELECT q.owner_id\n   FROM questionnaires q\n  WHERE (q.id = leads.questionnaire_id))))","rls_enabled":true,"schema_name":"public"},{"cmd":"SELECT","qual":"(EXISTS ( SELECT 1\n   FROM questionnaires q\n  WHERE ((q.id = leads.questionnaire_id) AND (q.user_id = auth.uid()))))","roles":"{authenticated}","policyname":"leads_select_by_owner","table_name":"leads","with_check":null,"rls_enabled":true,"schema_name":"public"},{"cmd":"SELECT","qual":"(EXISTS ( SELECT 1\n   FROM questionnaires q\n  WHERE ((q.id = leads.questionnaire_id) AND (q.owner_id = auth.uid()))))","roles":"{authenticated}","policyname":"owner can select their leads","table_name":"leads","with_check":null,"rls_enabled":true,"schema_name":"public"},{"cmd":"INSERT","qual":null,"roles":"{anon}","policyname":"public can insert leads for published questionnaires","table_name":"leads","with_check":"(EXISTS ( SELECT 1\n   FROM questionnaires q\n  WHERE ((q.id = leads.questionnaire_id) AND (q.is_published = true))))","rls_enabled":true,"schema_name":"public"},{"cmd":null,"qual":null,"roles":null,"policyname":null,"table_name":"message_outbox","with_check":null,"rls_enabled":false,"schema_name":"public"},{"cmd":"DELETE","qual":"(user_id = auth.uid())","roles":"{public}","policyname":"Users can delete only their notifications","table_name":"notifications","with_check":null,"rls_enabled":true,"schema_name":"public"},{"cmd":"INSERT","qual":null,"roles":"{public}","policyname":"Users can insert only their notifications","table_name":"notifications","with_check":"(user_id = auth.uid())","rls_enabled":true,"schema_name":"public"},{"cmd":"SELECT","qual":"(user_id = auth.uid())","roles":"{public}","policyname":"Users can see only their notifications","table_name":"notifications","with_check":null,"rls_enabled":true,"schema_name":"public"},{"cmd":"UPDATE","qual":"(user_id = auth.uid())","roles":"{public}","policyname":"Users can update only their notifications","table_name":"notifications","with_check":null,"rls_enabled":true,"schema_name":"public"},{"cmd":"ALL","qual":"(EXISTS ( SELECT 1\n   FROM ((question_options qo\n     JOIN questions qu ON ((qu.id = qo.question_id)))\n     JOIN questionnaires q ON ((q.id = qu.questionnaire_id)))\n  WHERE ((qo.id = option_i18n.option_id) AND (q.owner_id = auth.uid()))))","roles":"{public}","policyname":"option_i18n_owner_all","table_name":"option_i18n","with_check":"(EXISTS ( SELECT 1\n   FROM ((question_options qo\n     JOIN questions qu ON ((qu.id = qo.question_id)))\n     JOIN questionnaires q ON ((q.id = qu.questionnaire_id)))\n  WHERE ((qo.id = option_i18n.option_id) AND (q.owner_id = auth.uid()))))","rls_enabled":true,"schema_name":"public"},{"cmd":"INSERT","qual":null,"roles":"{anon}","policyname":"anon insert pageviews","table_name":"pageviews","with_check":"true","rls_enabled":true,"schema_name":"public"},{"cmd":"SELECT","qual":"(owner_id = auth.uid())","roles":"{public}","policyname":"p_read_own","table_name":"partners","with_check":null,"rls_enabled":true,"schema_name":"public"},{"cmd":"ALL","qual":"(owner_id = auth.uid())","roles":"{public}","policyname":"p_write_own","table_name":"partners","with_check":"(owner_id = auth.uid())","rls_enabled":true,"schema_name":"public"},{"cmd":"DELETE","qual":"(user_id = auth.uid())","roles":"{public}","policyname":"delete own sources","table_name":"profile_sources","with_check":null,"rls_enabled":true,"schema_name":"public"},{"cmd":"INSERT","qual":null,"roles":"{public}","policyname":"insert own sources","table_name":"profile_sources","with_check":"(user_id = auth.uid())","rls_enabled":true,"schema_name":"public"},{"cmd":"SELECT","qual":"(user_id = auth.uid())","roles":"{public}","policyname":"select own sources","table_name":"profile_sources","with_check":null,"rls_enabled":true,"schema_name":"public"},{"cmd":"UPDATE","qual":"(user_id = auth.uid())","roles":"{public}","policyname":"update own sources","table_name":"profile_sources","with_check":null,"rls_enabled":true,"schema_name":"public"},{"cmd":"INSERT","qual":null,"roles":"{public}","policyname":"Enable insert for authenticated users","table_name":"profiles","with_check":"(auth.uid() = id)","rls_enabled":true,"schema_name":"public"},{"cmd":"SELECT","qual":"(auth.uid() = id)","roles":"{public}","policyname":"Enable read access for authenticated users","table_name":"profiles","with_check":null,"rls_enabled":true,"schema_name":"public"},{"cmd":"UPDATE","qual":"(auth.uid() = id)","roles":"{public}","policyname":"Enable update for authenticated users","table_name":"profiles","with_check":null,"rls_enabled":true,"schema_name":"public"},{"cmd":"INSERT","qual":null,"roles":"{public}","policyname":"dev_insert_all","table_name":"profiles","with_check":"true","rls_enabled":true,"schema_name":"public"},{"cmd":"SELECT","qual":"true","roles":"{public}","policyname":"dev_select_all","table_name":"profiles","with_check":null,"rls_enabled":true,"schema_name":"public"},{"cmd":"UPDATE","qual":"true","roles":"{public}","policyname":"dev_update_all","table_name":"profiles","with_check":"true","rls_enabled":true,"schema_name":"public"},{"cmd":"SELECT","qual":"(auth.uid() = id)","roles":"{public}","policyname":"own profile read","table_name":"profiles","with_check":null,"rls_enabled":true,"schema_name":"public"},{"cmd":"UPDATE","qual":"(auth.uid() = id)","roles":"{public}","policyname":"own profile update","table_name":"profiles","with_check":"(auth.uid() = id)","rls_enabled":true,"schema_name":"public"},{"cmd":"INSERT","qual":null,"roles":"{public}","policyname":"own profile write","table_name":"profiles","with_check":"(auth.uid() = id)","rls_enabled":true,"schema_name":"public"},{"cmd":"INSERT","qual":null,"roles":"{public}","policyname":"profiles insert own","table_name":"profiles","with_check":"(auth.uid() = id)","rls_enabled":true,"schema_name":"public"},{"cmd":"INSERT","qual":null,"roles":"{authenticated}","policyname":"profiles insert self","table_name":"profiles","with_check":"((id IS NULL) OR (id = auth.uid()))","rls_enabled":true,"schema_name":"public"},{"cmd":"INSERT","qual":null,"roles":"{public}","policyname":"profiles owner insert","table_name":"profiles","with_check":"(auth.uid() = id)","rls_enabled":true,"schema_name":"public"},{"cmd":"SELECT","qual":"(auth.uid() = id)","roles":"{public}","policyname":"profiles owner select","table_name":"profiles","with_check":null,"rls_enabled":true,"schema_name":"public"},{"cmd":"UPDATE","qual":"(auth.uid() = id)","roles":"{public}","policyname":"profiles owner update","table_name":"profiles","with_check":"(auth.uid() = id)","rls_enabled":true,"schema_name":"public"},{"cmd":"SELECT","qual":"(auth.uid() = id)","roles":"{public}","policyname":"profiles read own","table_name":"profiles","with_check":null,"rls_enabled":true,"schema_name":"public"},{"cmd":"SELECT","qual":"(id = auth.uid())","roles":"{authenticated}","policyname":"profiles select self","table_name":"profiles","with_check":null,"rls_enabled":true,"schema_name":"public"},{"cmd":"DELETE","qual":"(id = auth.uid())","roles":"{public}","policyname":"profiles self delete","table_name":"profiles","with_check":null,"rls_enabled":true,"schema_name":"public"},{"cmd":"INSERT","qual":null,"roles":"{public}","policyname":"profiles self insert","table_name":"profiles","with_check":"(id = auth.uid())","rls_enabled":true,"schema_name":"public"},{"cmd":"SELECT","qual":"(id = auth.uid())","roles":"{public}","policyname":"profiles self select","table_name":"profiles","with_check":null,"rls_enabled":true,"schema_name":"public"},{"cmd":"UPDATE","qual":"(id = auth.uid())","roles":"{public}","policyname":"profiles self update","table_name":"profiles","with_check":"(id = auth.uid())","rls_enabled":true,"schema_name":"public"},{"cmd":"UPDATE","qual":"(auth.uid() = id)","roles":"{public}","policyname":"profiles update own","table_name":"profiles","with_check":"(auth.uid() = id)","rls_enabled":true,"schema_name":"public"},{"cmd":"UPDATE","qual":"(id = auth.uid())","roles":"{authenticated}","policyname":"profiles update self","table_name":"profiles","with_check":"(id = auth.uid())","rls_enabled":true,"schema_name":"public"},{"cmd":"INSERT","qual":null,"roles":"{authenticated}","policyname":"profiles_insert_own","table_name":"profiles","with_check":"(user_id = auth.uid())","rls_enabled":true,"schema_name":"public"},{"cmd":"SELECT","qual":"(user_id = auth.uid())","roles":"{authenticated}","policyname":"profiles_select_own","table_name":"profiles","with_check":null,"rls_enabled":true,"schema_name":"public"},{"cmd":"INSERT","qual":null,"roles":"{public}","policyname":"profiles_self_insert","table_name":"profiles","with_check":"(id = auth.uid())","rls_enabled":true,"schema_name":"public"},{"cmd":"SELECT","qual":"(auth.uid() = id)","roles":"{public}","policyname":"profiles_self_select","table_name":"profiles","with_check":null,"rls_enabled":true,"schema_name":"public"},{"cmd":"UPDATE","qual":"(id = auth.uid())","roles":"{public}","policyname":"profiles_self_update","table_name":"profiles","with_check":null,"rls_enabled":true,"schema_name":"public"},{"cmd":"ALL","qual":"(auth.uid() = id)","roles":"{public}","policyname":"profiles_self_upsert","table_name":"profiles","with_check":"(auth.uid() = id)","rls_enabled":true,"schema_name":"public"},{"cmd":"UPDATE","qual":"(user_id = auth.uid())","roles":"{authenticated}","policyname":"profiles_update_own","table_name":"profiles","with_check":"(user_id = auth.uid())","rls_enabled":true,"schema_name":"public"},{"cmd":"SELECT","qual":"(id = auth.uid())","roles":"{public}","policyname":"read own profile","table_name":"profiles","with_check":null,"rls_enabled":true,"schema_name":"public"},{"cmd":"UPDATE","qual":"(id = auth.uid())","roles":"{public}","policyname":"update own profile","table_name":"profiles","with_check":"(id = auth.uid())","rls_enabled":true,"schema_name":"public"},{"cmd":"INSERT","qual":null,"roles":"{public}","policyname":"upsert own profile","table_name":"profiles","with_check":"(id = auth.uid())","rls_enabled":true,"schema_name":"public"},{"cmd":null,"qual":null,"roles":null,"policyname":null,"table_name":"qa_responses","with_check":null,"rls_enabled":false,"schema_name":"public"},{"cmd":"ALL","qual":"(EXISTS ( SELECT 1\n   FROM (questions qu\n     JOIN questionnaires q ON ((q.id = qu.questionnaire_id)))\n  WHERE ((qu.id = question_i18n.question_id) AND (q.owner_id = auth.uid()))))","roles":"{public}","policyname":"question_i18n_owner_all","table_name":"question_i18n","with_check":"(EXISTS ( SELECT 1\n   FROM (questions qu\n     JOIN questionnaires q ON ((q.id = qu.questionnaire_id)))\n  WHERE ((qu.id = question_i18n.question_id) AND (q.owner_id = auth.uid()))))","rls_enabled":true,"schema_name":"public"},{"cmd":"INSERT","qual":null,"roles":"{public}","policyname":"Question options are insertable by questionnaire owner","table_name":"question_options","with_check":"(EXISTS ( SELECT 1\n   FROM (questions q\n     JOIN questionnaires qn ON ((q.questionnaire_id = qn.id)))\n  WHERE ((q.id = question_options.question_id) AND (COALESCE(qn.owner_id, qn.user_id) = auth.uid()))))","rls_enabled":true,"schema_name":"public"},{"cmd":"UPDATE","qual":"(EXISTS ( SELECT 1\n   FROM (questions q\n     JOIN questionnaires qn ON ((q.questionnaire_id = qn.id)))\n  WHERE ((q.id = question_options.question_id) AND (COALESCE(qn.owner_id, qn.user_id) = auth.uid()))))","roles":"{public}","policyname":"Question options are updatable by questionnaire owner","table_name":"question_options","with_check":null,"rls_enabled":true,"schema_name":"public"},{"cmd":"SELECT","qual":"(EXISTS ( SELECT 1\n   FROM (questions q\n     JOIN questionnaires qn ON ((q.questionnaire_id = qn.id)))\n  WHERE ((q.id = question_options.question_id) AND ((COALESCE(qn.owner_id, qn.user_id) = auth.uid()) OR (qn.is_published = true)))))","roles":"{public}","policyname":"Question options are viewable by questionnaire owner or if ques","table_name":"question_options","with_check":null,"rls_enabled":true,"schema_name":"public"},{"cmd":"DELETE","qual":"(EXISTS ( SELECT 1\n   FROM (questions q\n     JOIN questionnaires qu ON ((q.questionnaire_id = qu.id)))\n  WHERE ((q.id = question_options.question_id) AND (qu.user_id = auth.uid()))))","roles":"{public}","policyname":"Users can delete question options for their own questions","table_name":"question_options","with_check":null,"rls_enabled":true,"schema_name":"public"},{"cmd":"INSERT","qual":null,"roles":"{public}","policyname":"Users can insert question options for their own questions","table_name":"question_options","with_check":"(EXISTS ( SELECT 1\n   FROM (questions q\n     JOIN questionnaires qu ON ((q.questionnaire_id = qu.id)))\n  WHERE ((q.id = question_options.question_id) AND (qu.user_id = auth.uid()))))","rls_enabled":true,"schema_name":"public"},{"cmd":"UPDATE","qual":"(EXISTS ( SELECT 1\n   FROM (questions q\n     JOIN questionnaires qu ON ((q.questionnaire_id = qu.id)))\n  WHERE ((q.id = question_options.question_id) AND (qu.user_id = auth.uid()))))","roles":"{public}","policyname":"Users can update question options for their own questions","table_name":"question_options","with_check":null,"rls_enabled":true,"schema_name":"public"},{"cmd":"SELECT","qual":"(EXISTS ( SELECT 1\n   FROM (questions q\n     JOIN questionnaires qu ON ((q.questionnaire_id = qu.id)))\n  WHERE ((q.id = question_options.question_id) AND (qu.user_id = auth.uid()))))","roles":"{public}","policyname":"Users can view question options for their own questions","table_name":"question_options","with_check":null,"rls_enabled":true,"schema_name":"public"},{"cmd":"SELECT","qual":"(EXISTS ( SELECT 1\n   FROM (questions qus\n     JOIN questionnaires q ON ((q.id = qus.questionnaire_id)))\n  WHERE ((qus.id = question_options.question_id) AND (q.public_token IS NOT NULL))))","roles":"{anon}","policyname":"public_read_by_parent_token","table_name":"question_options","with_check":null,"rls_enabled":true,"schema_name":"public"},{"cmd":"ALL","qual":"(EXISTS ( SELECT 1\n   FROM (questions qu\n     JOIN questionnaires q ON ((q.id = qu.questionnaire_id)))\n  WHERE ((qu.id = question_options.question_id) AND (q.owner_id = auth.uid()))))","roles":"{public}","policyname":"question_options_owner_all","table_name":"question_options","with_check":"(EXISTS ( SELECT 1\n   FROM (questions qu\n     JOIN questionnaires q ON ((q.id = qu.questionnaire_id)))\n  WHERE ((qu.id = question_options.question_id) AND (q.owner_id = auth.uid()))))","rls_enabled":true,"schema_name":"public"},{"cmd":"ALL","qual":"(EXISTS ( SELECT 1\n   FROM questionnaires q\n  WHERE ((q.id = questionnaire_i18n.questionnaire_id) AND (q.owner_id = auth.uid()))))","roles":"{public}","policyname":"questionnaire_i18n_owner_all","table_name":"questionnaire_i18n","with_check":"(EXISTS ( SELECT 1\n   FROM questionnaires q\n  WHERE ((q.id = questionnaire_i18n.questionnaire_id) AND (q.owner_id = auth.uid()))))","rls_enabled":true,"schema_name":"public"},{"cmd":"DELETE","qual":"(user_id = auth.uid())","roles":"{public}","policyname":"delete own questionnaires","table_name":"questionnaires","with_check":null,"rls_enabled":true,"schema_name":"public"},{"cmd":"DELETE","qual":"(auth.uid() = user_id)","roles":"{public}","policyname":"delete_own","table_name":"questionnaires","with_check":null,"rls_enabled":true,"schema_name":"public"},{"cmd":"SELECT","qual":"true","roles":"{anon}","policyname":"dev_anon_select_questionnaires","table_name":"questionnaires","with_check":null,"rls_enabled":true,"schema_name":"public"},{"cmd":"INSERT","qual":null,"roles":"{public}","policyname":"insert own questionnaires","table_name":"questionnaires","with_check":"(user_id = auth.uid())","rls_enabled":true,"schema_name":"public"},{"cmd":"INSERT","qual":null,"roles":"{public}","policyname":"insert_own","table_name":"questionnaires","with_check":"(auth.uid() = user_id)","rls_enabled":true,"schema_name":"public"},{"cmd":"SELECT","qual":"(auth.uid() = owner_id)","roles":"{public}","policyname":"own_read","table_name":"questionnaires","with_check":null,"rls_enabled":true,"schema_name":"public"},{"cmd":"ALL","qual":"(auth.uid() = owner_id)","roles":"{public}","policyname":"own_write","table_name":"questionnaires","with_check":"(auth.uid() = owner_id)","rls_enabled":true,"schema_name":"public"},{"cmd":"SELECT","qual":"(id = '4a34e2b8-3161-4b35-8c49-b7ee9f220b77'::uuid)","roles":"{anon}","policyname":"p_public_qid_select","table_name":"questionnaires","with_check":null,"rls_enabled":true,"schema_name":"public"},{"cmd":"SELECT","qual":"(is_public = true)","roles":"{anon}","policyname":"public can read public questionnaires","table_name":"questionnaires","with_check":null,"rls_enabled":true,"schema_name":"public"},{"cmd":"SELECT","qual":"(public_token IS NOT NULL)","roles":"{anon}","policyname":"public_read_by_token","table_name":"questionnaires","with_check":null,"rls_enabled":true,"schema_name":"public"},{"cmd":"DELETE","qual":"(questionnaire_owner_id(questionnaires.*) = auth.uid())","roles":"{authenticated}","policyname":"q_delete_own","table_name":"questionnaires","with_check":null,"rls_enabled":true,"schema_name":"public"},{"cmd":"INSERT","qual":null,"roles":"{authenticated}","policyname":"q_insert_as_owner","table_name":"questionnaires","with_check":"(auth.uid() IS NOT NULL)","rls_enabled":true,"schema_name":"public"},{"cmd":"SELECT","qual":"(owner_id = auth.uid())","roles":"{public}","policyname":"q_read_own","table_name":"questionnaires","with_check":null,"rls_enabled":true,"schema_name":"public"},{"cmd":"SELECT","qual":"(((auth.role() = 'authenticated'::text) AND (questionnaire_owner_id(questionnaires.*) = auth.uid())) OR ((auth.role() = 'anon'::text) AND (COALESCE(is_published, false) = true)))","roles":"{public}","policyname":"q_select_own_or_published","table_name":"questionnaires","with_check":null,"rls_enabled":true,"schema_name":"public"},{"cmd":"UPDATE","qual":"(questionnaire_owner_id(questionnaires.*) = auth.uid())","roles":"{authenticated}","policyname":"q_update_own","table_name":"questionnaires","with_check":"(questionnaire_owner_id(questionnaires.*) = auth.uid())","rls_enabled":true,"schema_name":"public"},{"cmd":"ALL","qual":"(owner_id = auth.uid())","roles":"{public}","policyname":"q_write_own","table_name":"questionnaires","with_check":"(owner_id = auth.uid())","rls_enabled":true,"schema_name":"public"},{"cmd":"INSERT","qual":null,"roles":"{authenticated}","policyname":"questionnaires_insert_auth","table_name":"questionnaires","with_check":"(user_id = auth.uid())","rls_enabled":true,"schema_name":"public"},{"cmd":"ALL","qual":"(user_id = auth.uid())","roles":"{authenticated}","policyname":"questionnaires_modify_own","table_name":"questionnaires","with_check":"(user_id = auth.uid())","rls_enabled":true,"schema_name":"public"},{"cmd":"SELECT","qual":"(user_id = auth.uid())","roles":"{authenticated}","policyname":"questionnaires_select_mine","table_name":"questionnaires","with_check":null,"rls_enabled":true,"schema_name":"public"},{"cmd":"SELECT","qual":"(user_id = auth.uid())","roles":"{authenticated}","policyname":"questionnaires_select_own","table_name":"questionnaires","with_check":null,"rls_enabled":true,"schema_name":"public"},{"cmd":"SELECT","qual":"true","roles":"{authenticated}","policyname":"read_questionnaires_for_distribute","table_name":"questionnaires","with_check":null,"rls_enabled":true,"schema_name":"public"},{"cmd":"SELECT","qual":"(user_id = auth.uid())","roles":"{public}","policyname":"select own questionnaires","table_name":"questionnaires","with_check":null,"rls_enabled":true,"schema_name":"public"},{"cmd":"SELECT","qual":"(token IS NOT NULL)","roles":"{public}","policyname":"select_by_token_public","table_name":"questionnaires","with_check":null,"rls_enabled":true,"schema_name":"public"},{"cmd":"SELECT","qual":"(auth.uid() = user_id)","roles":"{public}","policyname":"select_own","table_name":"questionnaires","with_check":null,"rls_enabled":true,"schema_name":"public"},{"cmd":"UPDATE","qual":"(user_id = auth.uid())","roles":"{public}","policyname":"update own questionnaires","table_name":"questionnaires","with_check":"(user_id = auth.uid())","rls_enabled":true,"schema_name":"public"},{"cmd":"UPDATE","qual":"(auth.uid() = user_id)","roles":"{public}","policyname":"update_own","table_name":"questionnaires","with_check":"(auth.uid() = user_id)","rls_enabled":true,"schema_name":"public"},{"cmd":"DELETE","qual":"(auth.uid() = user_id)","roles":"{public}","policyname":"delete_own","table_name":"questions","with_check":null,"rls_enabled":true,"schema_name":"public"},{"cmd":"SELECT","qual":"true","roles":"{anon}","policyname":"dev_anon_select_questions","table_name":"questions","with_check":null,"rls_enabled":true,"schema_name":"public"},{"cmd":"INSERT","qual":null,"roles":"{public}","policyname":"insert_own","table_name":"questions","with_check":"(auth.uid() = user_id)","rls_enabled":true,"schema_name":"public"},{"cmd":"SELECT","qual":"(questionnaire_id = '4a34e2b8-3161-4b35-8c49-b7ee9f220b77'::uuid)","roles":"{anon}","policyname":"p_public_questions_qid_select","table_name":"questions","with_check":null,"rls_enabled":true,"schema_name":"public"},{"cmd":"SELECT","qual":"(EXISTS ( SELECT 1\n   FROM questionnaires q\n  WHERE ((q.id = questions.questionnaire_id) AND (q.is_public = true))))","roles":"{anon}","policyname":"public can read questions of public questionnaires","table_name":"questions","with_check":null,"rls_enabled":true,"schema_name":"public"},{"cmd":"SELECT","qual":"(EXISTS ( SELECT 1\n   FROM questionnaires q\n  WHERE ((q.id = questions.questionnaire_id) AND (q.public_token IS NOT NULL))))","roles":"{anon}","policyname":"public_read_by_parent_token","table_name":"questions","with_check":null,"rls_enabled":true,"schema_name":"public"},{"cmd":"SELECT","qual":"(owner_id = auth.uid())","roles":"{public}","policyname":"qs_read_own","table_name":"questions","with_check":null,"rls_enabled":true,"schema_name":"public"},{"cmd":"ALL","qual":"(owner_id = auth.uid())","roles":"{public}","policyname":"qs_write_own","table_name":"questions","with_check":"(owner_id = auth.uid())","rls_enabled":true,"schema_name":"public"},{"cmd":"SELECT","qual":"(auth.uid() = user_id)","roles":"{public}","policyname":"select_own","table_name":"questions","with_check":null,"rls_enabled":true,"schema_name":"public"},{"cmd":"UPDATE","qual":"(auth.uid() = user_id)","roles":"{public}","policyname":"update_own","table_name":"questions","with_check":"(auth.uid() = user_id)","rls_enabled":true,"schema_name":"public"},{"cmd":"SELECT","qual":"(EXISTS ( SELECT 1\n   FROM (responses r\n     JOIN questionnaires q ON ((q.id = r.questionnaire_id)))\n  WHERE ((r.id = response_answers.response_id) AND (COALESCE(q.owner, q.user_id) = auth.uid()))))","roles":"{public}","policyname":"ans_owner_read_v2","table_name":"response_answers","with_check":null,"rls_enabled":true,"schema_name":"public"},{"cmd":"INSERT","qual":null,"roles":"{public}","policyname":"ans_public_insert_v2","table_name":"response_answers","with_check":"(EXISTS ( SELECT 1\n   FROM responses r\n  WHERE (r.id = response_answers.response_id)))","rls_enabled":true,"schema_name":"public"},{"cmd":"INSERT","qual":null,"roles":"{public}","policyname":"Response items are insertable by anyone if questionnaire is pub","table_name":"response_items","with_check":"(EXISTS ( SELECT 1\n   FROM (responses r\n     JOIN questionnaires q ON ((r.questionnaire_id = q.id)))\n  WHERE ((r.id = response_items.response_id) AND (q.is_published = true))))","rls_enabled":true,"schema_name":"public"},{"cmd":"SELECT","qual":"((EXISTS ( SELECT 1\n   FROM (responses r\n     JOIN questionnaires q ON ((r.questionnaire_id = q.id)))\n  WHERE ((r.id = response_items.response_id) AND (COALESCE(q.owner_id, q.user_id) = auth.uid())))) OR (EXISTS ( SELECT 1\n   FROM responses r\n  WHERE ((r.id = response_items.response_id) AND (r.submitter_id = auth.uid())))))","roles":"{public}","policyname":"Response items are viewable by questionnaire owner or response ","table_name":"response_items","with_check":null,"rls_enabled":true,"schema_name":"public"},{"cmd":"INSERT","qual":null,"roles":"{anon}","policyname":"public_submit_response_items","table_name":"response_items","with_check":"(EXISTS ( SELECT 1\n   FROM (responses r\n     JOIN questionnaires q ON ((q.id = r.questionnaire_id)))\n  WHERE ((r.id = response_items.response_id) AND (q.is_published = true))))","rls_enabled":true,"schema_name":"public"},{"cmd":"SELECT","qual":"(EXISTS ( SELECT 1\n   FROM (responses r\n     JOIN questionnaires q ON ((q.id = r.questionnaire_id)))\n  WHERE ((r.id = response_items.response_id) AND (q.owner_id = auth.uid()))))","roles":"{public}","policyname":"response_items_owner_select","table_name":"response_items","with_check":null,"rls_enabled":true,"schema_name":"public"},{"cmd":"INSERT","qual":null,"roles":"{public}","policyname":"response_items_public_insert","table_name":"response_items","with_check":"true","rls_enabled":true,"schema_name":"public"},{"cmd":"SELECT","qual":"(owner_id = auth.uid())","roles":"{public}","policyname":"ri_read_own","table_name":"response_items","with_check":null,"rls_enabled":true,"schema_name":"public"},{"cmd":"ALL","qual":"(owner_id = auth.uid())","roles":"{public}","policyname":"ri_write_own","table_name":"response_items","with_check":"(owner_id = auth.uid())","rls_enabled":true,"schema_name":"public"},{"cmd":"INSERT","qual":null,"roles":"{public}","policyname":"Responses are insertable by anyone if questionnaire is publishe","table_name":"responses","with_check":"(EXISTS ( SELECT 1\n   FROM questionnaires q\n  WHERE ((q.id = responses.questionnaire_id) AND (q.is_published = true))))","rls_enabled":true,"schema_name":"public"},{"cmd":"SELECT","qual":"((EXISTS ( SELECT 1\n   FROM questionnaires q\n  WHERE ((q.id = responses.questionnaire_id) AND (COALESCE(q.owner_id, q.user_id) = auth.uid())))) OR (submitter_id = auth.uid()))","roles":"{public}","policyname":"Responses are viewable by questionnaire owner or submitter","table_name":"responses","with_check":null,"rls_enabled":true,"schema_name":"public"},{"cmd":"SELECT","qual":"(created_at IS NOT NULL)","roles":"{authenticated}","policyname":"Sample policy","table_name":"responses","with_check":null,"rls_enabled":true,"schema_name":"public"},{"cmd":"DELETE","qual":"(user_id = auth.uid())","roles":"{public}","policyname":"Users can delete only their responses","table_name":"responses","with_check":null,"rls_enabled":true,"schema_name":"public"},{"cmd":"DELETE","qual":"(( SELECT auth.uid() AS uid) = created_by)","roles":"{authenticated}","policyname":"Users can delete own responses","table_name":"responses","with_check":null,"rls_enabled":true,"schema_name":"public"},{"cmd":"INSERT","qual":null,"roles":"{public}","policyname":"Users can insert only their responses","table_name":"responses","with_check":"(user_id = auth.uid())","rls_enabled":true,"schema_name":"public"},{"cmd":"INSERT","qual":null,"roles":"{authenticated}","policyname":"Users can insert own responses","table_name":"responses","with_check":"(( SELECT auth.uid() AS uid) = created_by)","rls_enabled":true,"schema_name":"public"},{"cmd":"SELECT","qual":"(user_id = auth.uid())","roles":"{public}","policyname":"Users can see only their responses","table_name":"responses","with_check":null,"rls_enabled":true,"schema_name":"public"},{"cmd":"UPDATE","qual":"(user_id = auth.uid())","roles":"{public}","policyname":"Users can update only their responses","table_name":"responses","with_check":null,"rls_enabled":true,"schema_name":"public"},{"cmd":"UPDATE","qual":"(( SELECT auth.uid() AS uid) = created_by)","roles":"{authenticated}","policyname":"Users can update own responses","table_name":"responses","with_check":"(( SELECT auth.uid() AS uid) = created_by)","rls_enabled":true,"schema_name":"public"},{"cmd":"SELECT","qual":"(( SELECT auth.uid() AS uid) = created_by)","roles":"{authenticated}","policyname":"Users can view own responses","table_name":"responses","with_check":null,"rls_enabled":true,"schema_name":"public"},{"cmd":"SELECT","qual":"(questionnaire_id IN ( SELECT questionnaires.id\n   FROM questionnaires\n  WHERE (questionnaires.user_id = auth.uid())))","roles":"{public}","policyname":"Users can view their responses","table_name":"responses","with_check":null,"rls_enabled":true,"schema_name":"public"},{"cmd":"INSERT","qual":null,"roles":"{anon}","policyname":"public_submit_responses","table_name":"responses","with_check":"(EXISTS ( SELECT 1\n   FROM questionnaires q\n  WHERE ((q.id = responses.questionnaire_id) AND (q.is_published = true))))","rls_enabled":true,"schema_name":"public"},{"cmd":"SELECT","qual":"(owner_id = auth.uid())","roles":"{public}","policyname":"r_read_own","table_name":"responses","with_check":null,"rls_enabled":true,"schema_name":"public"},{"cmd":"ALL","qual":"(owner_id = auth.uid())","roles":"{public}","policyname":"r_write_own","table_name":"responses","with_check":"(owner_id = auth.uid())","rls_enabled":true,"schema_name":"public"},{"cmd":"SELECT","qual":"(EXISTS ( SELECT 1\n   FROM questionnaires q\n  WHERE ((q.id = responses.questionnaire_id) AND (q.user_id = auth.uid()))))","roles":"{public}","policyname":"responses of my questionnaires","table_name":"responses","with_check":null,"rls_enabled":true,"schema_name":"public"},{"cmd":"INSERT","qual":null,"roles":"{authenticated}","policyname":"responses_insert_own","table_name":"responses","with_check":"(user_id = auth.uid())","rls_enabled":true,"schema_name":"public"},{"cmd":"SELECT","qual":"(EXISTS ( SELECT 1\n   FROM questionnaires q\n  WHERE ((q.id = responses.questionnaire_id) AND (q.owner_id = auth.uid()))))","roles":"{public}","policyname":"responses_owner_select","table_name":"responses","with_check":null,"rls_enabled":true,"schema_name":"public"},{"cmd":"INSERT","qual":null,"roles":"{anon}","policyname":"responses_public_insert","table_name":"responses","with_check":"((EXISTS ( SELECT 1\n   FROM questionnaires q\n  WHERE (q.id = responses.questionnaire_id))) AND (owner_id = ( SELECT q.owner_id\n   FROM questionnaires q\n  WHERE (q.id = responses.questionnaire_id))))","rls_enabled":true,"schema_name":"public"},{"cmd":"SELECT","qual":"(EXISTS ( SELECT 1\n   FROM questionnaires q\n  WHERE ((q.id = responses.questionnaire_id) AND (q.user_id = auth.uid()))))","roles":"{authenticated}","policyname":"responses_select_by_owner","table_name":"responses","with_check":null,"rls_enabled":true,"schema_name":"public"},{"cmd":"SELECT","qual":"(user_id = auth.uid())","roles":"{authenticated}","policyname":"responses_select_own","table_name":"responses","with_check":null,"rls_enabled":true,"schema_name":"public"},{"cmd":"UPDATE","qual":"(user_id = auth.uid())","roles":"{authenticated}","policyname":"responses_update_own","table_name":"responses","with_check":"(user_id = auth.uid())","rls_enabled":true,"schema_name":"public"},{"cmd":null,"qual":null,"roles":null,"policyname":null,"table_name":"schema_snapshot","with_check":null,"rls_enabled":false,"schema_name":"public"},{"cmd":"INSERT","qual":null,"roles":"{anon,authenticated}","policyname":"allow insert share logs for any","table_name":"share_logs","with_check":"true","rls_enabled":true,"schema_name":"public"},{"cmd":"INSERT","qual":null,"roles":"{authenticated}","policyname":"share_logs_insert","table_name":"share_logs","with_check":"true","rls_enabled":true,"schema_name":"public"},{"cmd":"SELECT","qual":"(user_id = auth.uid())","roles":"{authenticated}","policyname":"share_logs_select_mine","table_name":"share_logs","with_check":null,"rls_enabled":true,"schema_name":"public"},{"cmd":"INSERT","qual":null,"roles":"{public}","policyname":"users can insert their own shares","table_name":"share_logs","with_check":"(auth.uid() = user_id)","rls_enabled":true,"schema_name":"public"},{"cmd":"SELECT","qual":"(auth.uid() = user_id)","roles":"{public}","policyname":"users can view their own shares","table_name":"share_logs","with_check":null,"rls_enabled":true,"schema_name":"public"},{"cmd":null,"qual":null,"roles":null,"policyname":null,"table_name":"subscriptions","with_check":null,"rls_enabled":false,"schema_name":"public"},{"cmd":"DELETE","qual":"(user_id = auth.uid())","roles":"{public}","policyname":"Users can delete only their templates","table_name":"templates","with_check":null,"rls_enabled":true,"schema_name":"public"},{"cmd":"INSERT","qual":null,"roles":"{public}","policyname":"Users can insert only their templates","table_name":"templates","with_check":"(user_id = auth.uid())","rls_enabled":true,"schema_name":"public"},{"cmd":"SELECT","qual":"(user_id = auth.uid())","roles":"{public}","policyname":"Users can see only their templates","table_name":"templates","with_check":null,"rls_enabled":true,"schema_name":"public"},{"cmd":"UPDATE","qual":"(user_id = auth.uid())","roles":"{public}","policyname":"Users can update only their templates","table_name":"templates","with_check":null,"rls_enabled":true,"schema_name":"public"},{"cmd":"UPDATE","qual":"(auth.uid() = id)","roles":"{public}","policyname":"Users can update themselves","table_name":"users","with_check":null,"rls_enabled":true,"schema_name":"public"},{"cmd":"SELECT","qual":"(auth.uid() = id)","roles":"{public}","policyname":"Users can view themselves","table_name":"users","with_check":null,"rls_enabled":true,"schema_name":"public"},{"cmd":null,"qual":null,"roles":null,"policyname":null,"table_name":"buckets","with_check":null,"rls_enabled":true,"schema_name":"storage"},{"cmd":null,"qual":null,"roles":null,"policyname":null,"table_name":"buckets_analytics","with_check":null,"rls_enabled":true,"schema_name":"storage"},{"cmd":null,"qual":null,"roles":null,"policyname":null,"table_name":"migrations","with_check":null,"rls_enabled":true,"schema_name":"storage"},{"cmd":"SELECT","qual":"(bucket_id = 'questionnaire_uploads'::text)","roles":"{public}","policyname":"Allow file downloads","table_name":"objects","with_check":null,"rls_enabled":true,"schema_name":"storage"},{"cmd":"INSERT","qual":null,"roles":"{public}","policyname":"Allow file uploads","table_name":"objects","with_check":"(bucket_id = 'questionnaire_uploads'::text)","rls_enabled":true,"schema_name":"storage"},{"cmd":"DELETE","qual":"((bucket_id = 'attachments'::text) AND (split_part(name, '/'::text, 1) = (auth.uid())::text))","roles":"{authenticated}","policyname":"AttachmentsDeleteOwn 1mt4rzk_0","table_name":"objects","with_check":null,"rls_enabled":true,"schema_name":"storage"},{"cmd":"SELECT","qual":"((bucket_id = 'attachments'::text) AND (split_part(name, '/'::text, 1) = (auth.uid())::text))","roles":"{authenticated}","policyname":"AttachmentsReadOwn 1mt4rzk_0","table_name":"objects","with_check":null,"rls_enabled":true,"schema_name":"storage"},{"cmd":"UPDATE","qual":"((bucket_id = 'attachments'::text) AND (split_part(name, '/'::text, 1) = (auth.uid())::text))","roles":"{authenticated}","policyname":"AttachmentsUpdateOwn 1mt4rzk_0","table_name":"objects","with_check":null,"rls_enabled":true,"schema_name":"storage"},{"cmd":"INSERT","qual":null,"roles":"{authenticated}","policyname":"AttachmentsUploadOwn 1mt4rzk_0","table_name":"objects","with_check":"((bucket_id = 'attachments'::text) AND (split_part(name, '/'::text, 1) = (auth.uid())::text))","rls_enabled":true,"schema_name":"storage"},{"cmd":"DELETE","qual":"((bucket_id = 'attachments'::text) AND (owner = auth.uid()))","roles":"{authenticated}","policyname":"attachments_delete_own","table_name":"objects","with_check":null,"rls_enabled":true,"schema_name":"storage"},{"cmd":"INSERT","qual":null,"roles":"{authenticated}","policyname":"attachments_insert_auth","table_name":"objects","with_check":"(bucket_id = 'attachments'::text)","rls_enabled":true,"schema_name":"storage"},{"cmd":"SELECT","qual":"((bucket_id = 'attachments'::text) AND (owner = auth.uid()))","roles":"{authenticated}","policyname":"attachments_select_own","table_name":"objects","with_check":null,"rls_enabled":true,"schema_name":"storage"},{"cmd":"UPDATE","qual":"((bucket_id = 'attachments'::text) AND (owner = auth.uid()))","roles":"{authenticated}","policyname":"attachments_update_own","table_name":"objects","with_check":"((bucket_id = 'attachments'::text) AND (owner = auth.uid()))","rls_enabled":true,"schema_name":"storage"},{"cmd":"INSERT","qual":null,"roles":"{public}","policyname":"authenticated insert client-sources","table_name":"objects","with_check":"((bucket_id = 'client-sources'::text) AND (auth.role() = 'authenticated'::text))","rls_enabled":true,"schema_name":"storage"},{"cmd":"DELETE","qual":"(bucket_id = 'branding'::text)","roles":"{authenticated}","policyname":"branding_auth_delete","table_name":"objects","with_check":null,"rls_enabled":true,"schema_name":"storage"},{"cmd":"INSERT","qual":null,"roles":"{authenticated}","policyname":"branding_auth_insert","table_name":"objects","with_check":"(bucket_id = 'branding'::text)","rls_enabled":true,"schema_name":"storage"},{"cmd":"UPDATE","qual":"(bucket_id = 'branding'::text)","roles":"{authenticated}","policyname":"branding_auth_update","table_name":"objects","with_check":"(bucket_id = 'branding'::text)","rls_enabled":true,"schema_name":"storage"},{"cmd":"INSERT","qual":null,"roles":"{authenticated}","policyname":"branding_auth_write","table_name":"objects","with_check":"(bucket_id = 'branding'::text)","rls_enabled":true,"schema_name":"storage"},{"cmd":"DELETE","qual":"((bucket_id = 'branding'::text) AND (owner = auth.uid()))","roles":"{authenticated}","policyname":"branding_delete_own","table_name":"objects","with_check":null,"rls_enabled":true,"schema_name":"storage"},{"cmd":"INSERT","qual":null,"roles":"{authenticated}","policyname":"branding_insert_auth","table_name":"objects","with_check":"(bucket_id = 'branding'::text)","rls_enabled":true,"schema_name":"storage"},{"cmd":"INSERT","qual":null,"roles":"{authenticated}","policyname":"branding_insert_own","table_name":"objects","with_check":"(bucket_id = 'branding'::text)","rls_enabled":true,"schema_name":"storage"},{"cmd":"SELECT","qual":"(bucket_id = 'branding'::text)","roles":"{public}","policyname":"branding_public_read","table_name":"objects","with_check":null,"rls_enabled":true,"schema_name":"storage"},{"cmd":"SELECT","qual":"((bucket_id = 'branding'::text) AND ((owner = auth.uid()) OR (((metadata ->> 'owner_id'::text))::uuid = auth.uid())))","roles":"{public}","policyname":"branding_read_own","table_name":"objects","with_check":null,"rls_enabled":true,"schema_name":"storage"},{"cmd":"SELECT","qual":"(bucket_id = 'branding'::text)","roles":"{public}","policyname":"branding_select_public","table_name":"objects","with_check":null,"rls_enabled":true,"schema_name":"storage"},{"cmd":"UPDATE","qual":"(bucket_id = 'branding'::text)","roles":"{authenticated}","policyname":"branding_update_own","table_name":"objects","with_check":"(bucket_id = 'branding'::text)","rls_enabled":true,"schema_name":"storage"},{"cmd":"INSERT","qual":null,"roles":"{authenticated}","policyname":"branding_write_own","table_name":"objects","with_check":"((bucket_id = 'branding'::text) AND ((owner = auth.uid()) OR (((metadata ->> 'owner_id'::text))::uuid = auth.uid())))","rls_enabled":true,"schema_name":"storage"},{"cmd":"INSERT","qual":null,"roles":"{authenticated}","policyname":"brandinsert 1ym05q3_0","table_name":"objects","with_check":"((bucket_id = 'branding'::text) AND (split_part(name, '/'::text, 1) = (auth.uid())::text))","rls_enabled":true,"schema_name":"storage"},{"cmd":"DELETE","qual":"((bucket_id = 'branding'::text) AND (split_part(name, '/'::text, 1) = (auth.uid())::text))","roles":"{authenticated}","policyname":"brenddelete 1ym05q3_0","table_name":"objects","with_check":null,"rls_enabled":true,"schema_name":"storage"},{"cmd":"UPDATE","qual":"((bucket_id = 'branding'::text) AND (split_part(name, '/'::text, 1) = (auth.uid())::text))","roles":"{authenticated}","policyname":"brendupdet 1ym05q3_0","table_name":"objects","with_check":null,"rls_enabled":true,"schema_name":"storage"},{"cmd":"DELETE","qual":"((bucket_id = 'client-sources'::text) AND ((owner = auth.uid()) OR (auth.role() = 'service_role'::text)))","roles":"{public}","policyname":"owner delete client-sources","table_name":"objects","with_check":null,"rls_enabled":true,"schema_name":"storage"},{"cmd":"UPDATE","qual":"((bucket_id = 'client-sources'::text) AND ((owner = auth.uid()) OR (auth.role() = 'service_role'::text)))","roles":"{public}","policyname":"owner update client-sources","table_name":"objects","with_check":"(bucket_id = 'client-sources'::text)","rls_enabled":true,"schema_name":"storage"},{"cmd":"SELECT","qual":"(bucket_id = 'client-sources'::text)","roles":"{public}","policyname":"public read client-sources","table_name":"objects","with_check":null,"rls_enabled":true,"schema_name":"storage"},{"cmd":"DELETE","qual":"((bucket_id = 'questionnaire-uploads'::text) AND (auth.uid() = ((metadata ->> 'owner_id'::text))::uuid))","roles":"{public}","policyname":"qnu_owner_delete","table_name":"objects","with_check":null,"rls_enabled":true,"schema_name":"storage"},{"cmd":"INSERT","qual":null,"roles":"{public}","policyname":"qnu_owner_insert","table_name":"objects","with_check":"((bucket_id = 'questionnaire-uploads'::text) AND (auth.uid() = ((metadata ->> 'owner_id'::text))::uuid))","rls_enabled":true,"schema_name":"storage"},{"cmd":"SELECT","qual":"((bucket_id = 'questionnaire-uploads'::text) AND (auth.uid() = ((metadata ->> 'owner_id'::text))::uuid))","roles":"{public}","policyname":"qnu_owner_read","table_name":"objects","with_check":null,"rls_enabled":true,"schema_name":"storage"},{"cmd":"UPDATE","qual":"((bucket_id = 'questionnaire-uploads'::text) AND (auth.uid() = ((metadata ->> 'owner_id'::text))::uuid))","roles":"{public}","policyname":"qnu_owner_update","table_name":"objects","with_check":null,"rls_enabled":true,"schema_name":"storage"},{"cmd":null,"qual":null,"roles":null,"policyname":null,"table_name":"prefixes","with_check":null,"rls_enabled":true,"schema_name":"storage"},{"cmd":null,"qual":null,"roles":null,"policyname":null,"table_name":"s3_multipart_uploads","with_check":null,"rls_enabled":true,"schema_name":"storage"},{"cmd":null,"qual":null,"roles":null,"policyname":null,"table_name":"s3_multipart_uploads_parts","with_check":null,"rls_enabled":true,"schema_name":"storage"}]}}